year,crop_name,output,output_value
111,其他綠肥,3153,44139
111,青皮豆,10942,153184
111,油菜,5617,78643
111,太陽麻,15035,210494
111,大豆,9125,127754
111,田菁,19745,276431
111,其他牧草,486945,906519
111,狼尾草,290479,371813
111,盤固拉,202608,212738
111,盆花類(公頃),1106,1020430
111,苗圃類(公頃),9307,4433623
111,種籽類,11,9515
111,球根類,37,1585
111,蘭花,77560,6764298
111,玉蘭花,130,18525
111,其他切花,14990,984340
111,文心蘭,4546,445652
111,天堂鳥,520,85211
111,非洲菊,4889,290994
111,火鶴花,2865,358558
111,滿天星,306,21199
111,玫瑰,5989,472201
111,百合,6456,2419309
111,香石竹,1759,94343
111,洋桔梗,1962,339913
111,大理花,12,1593
111,夜來香,429,32910
111,唐菖蒲,1407,110909
111,菊花,14391,1189565
111,其他青果類,101532,4722499
111,可可椰子,16831,157373
111,百香果,20669,1218840
111,番荔枝,39596,2258018
111,棗,29110,2069136
111,木瓜,128343,3807924
111,蘋果,1406,86747
111,梨,99171,6557215
111,楊桃,5943,138351
111,橄欖,5943,138351
111,荔枝,42382,5359235
111,梅,18998,511232
111,柿,64656,6084803
111,桃,17068,2021486
111,李,8804,657232
111,枇杷,7103,1483845
111,葡萄,65549,5674569
111,蓮霧,46896,3556611
111,番石榴,197399,4938935
111,檳榔,92658,6949322
111,芒果,112872,8049326
111,龍眼,37580,2649040
111,其他雜柑類,59193,1945313
111,葡萄柚,6364,108564
111,檸檬,35608,1313951
111,柳橙,126249,2668899
111,晚崙西亞橙,1311,26345
111,溫州蜜柑,108,2848
111,白柚,9935,658513
111,斗柚,569,37727
111,文旦柚,70816,3278769
111,桶柑,47110,1485392
111,椪柑,101825,3578130
111,鳳梨,382333,8797487
111,香蕉,351480,8382797
111,其他菇類,8988,1493368
111,金針菇,18902,508472
111,香菇,4151,6353998
111,洋菇,3304,371875
111,草莓,6572,1462164
111,洋香瓜,27364,869898
111,香瓜,24500,813163
111,西瓜,136632,2401994
111,其他果菜類,166971,5379047
111,毛豆,75887,1165628
111,豌豆,3847,293304
111,菜豆,10240,440120
111,番椒,29357,1403135
111,蕃茄,93341,4261939
111,茄子,34558,857740
111,苦瓜,30758,1198657
111,冬瓜,18752,197837
111,胡瓜,47619,1464749
111,越瓜,1716,63430
111,金針菜,288,226479
111,花椰菜,64652,2415816
111,其他葉菜類,340985,9386150
111,不結球白菜,101286,2403510
111,結球白菜,59466,974046
111,甘藍,422481,8327104
111,芹菜,18542,887626
111,蕹菜,36777,1457834
111,大芥菜,26473,342030
111,其他莖菜類,32491,1103546
111,荸薺,94,6084
111,蘆筍,3067,494048
111,竹筍,217769,11526512
111,韭菜,21970,960325
111,茭白筍,25753,1729292
111,蒜頭,51980,4020633
111,青蒜,6312,337760
111,洋蔥,47186,932876
111,馬鈴薯,61428,1634604
111,蔥頭,15456,667681
111,蔥,88113,4814507
111,芋,44570,1643311
111,薑,24091,1303084
111,其他根菜類,6106,121772
111,胡蘿蔔,80869,809495
111,蘿蔔,86035,897346
111,其他特用作物,20587,3519548
111,山藥,14316,733863
111,香花作物,122,97310
111,樹薯,611,14969
111,芝麻,1805,379139
111,菸草,0,0
111,茶葉,14027,8068577
111,生食用甘蔗,39634,393566
111,製糖甘蔗,515779,572515
111,其他豆類,493,14938
111,綠豆,47,5123
111,紅豆,8267,631296
111,花豆,7,139
111,落花生,51005,3825389
111,大豆,5619,238814
111,其他糧食作物,1181,43410
111,甘藷,224242,3000352
111,蜀黍(高粱),3536,83588
111,栗,157,25975
111,小麥,5707,229361
111,食用玉米,130561,3094301
111,硬質玉米,96575,1085501
111,稻米(糙米),1251511,36714780
110,其他綠肥,3369,47164
110,青皮豆,12583,176162
110,油菜,5975,83655
110,太陽麻,17378,243285
110,大豆,13287,0
110,田菁,20475,286645
110,其他牧草,427061,719128
110,狼尾草,270355,313611
110,盤固拉,208528,218954
110,盆花類(公頃),1092,1020494
110,苗圃類(公頃),9666,4564333
110,種籽類,8,7060
110,球根類,37,1575
110,蘭花,77730,6852245
110,玉蘭花,126,8620
110,其他切花,15540,1057398
110,文心蘭,4781,415373
110,天堂鳥,509,69574
110,非洲菊,4420,266273
110,火鶴花,2789,357742
110,滿天星,348,20435
110,玫瑰,5737,355261
110,百合,6131,2221078
110,香石竹,2370,135370
110,洋桔梗,2243,319808
110,大理花,47,5940
110,夜來香,496,37643
110,唐菖蒲,1475,98406
110,菊花,14043,1161666
110,其他青果類,94086,4601976
110,可可椰子,17169,182854
110,百香果,27586,1543415
110,番荔枝,50475,3652483
110,棗,31266,2069808
110,木瓜,118834,3232288
110,蘋果,1458,92734
110,梨,102244,5896418
110,楊桃,6140,133666
110,橄欖,1230,26319
110,荔枝,57997,3887559
110,梅,17850,0
110,柿,72662,0
110,桃,16533,2061006
110,李,10848,456465
110,枇杷,7691,997634
110,葡萄,69900,5809380
110,蓮霧,46107,3525840
110,番石榴,184952,5690976
110,檳榔,95536,7117398
110,芒果,171662,8120551
110,龍眼,59766,2888493
110,其他雜柑類,64025,2288081
110,葡萄柚,7180,130970
110,檸檬,38859,1194927
110,柳橙,115121,2340412
110,晚崙西亞橙,1456,34215
110,溫州蜜柑,128,3264
110,白柚,10530,545975
110,斗柚,598,31022
110,文旦柚,71202,3644132
110,桶柑,51374,1777029
110,椪柑,105397,3658313
110,鳳梨,402836,8910737
110,香蕉,337144,7423901
110,其他菇類,10826,1645931
110,金針菇,22053,706594
110,香菇,4551,6917947
110,洋菇,4306,465839
110,草莓,9142,2002913
110,洋香瓜,25557,921091
110,香瓜,30624,1195543
110,西瓜,151190,2174115
110,其他果菜類,171213,5251707
110,毛豆,72425,937899
110,豌豆,3627,249689
110,菜豆,9914,481516
110,番椒,28028,1574781
110,蕃茄,98340,4700657
110,茄子,33988,984982
110,苦瓜,32163,1274317
110,冬瓜,19906,262564
110,胡瓜,47975,1415252
110,越瓜,2080,60431
110,金針菜,367,276961
110,花椰菜,69392,1988823
110,其他葉菜類,317070,7347951
110,不結球白菜,108330,2204524
110,結球白菜,57227,794878
110,甘藍,419995,7093708
110,芹菜,17510,690608
110,蕹菜,34315,1098776
110,大芥菜,26162,321004
110,其他莖菜類,29776,1011932
110,荸薺,97,6500
110,蘆筍,3097,381002
110,竹筍,208203,11459486
110,韭菜,21784,926472
110,茭白筍,30675,1916599
110,蒜頭,49743,5401105
110,青蒜,6144,427666
110,洋蔥,58642,873175
110,馬鈴薯,62175,1530740
110,蔥頭,12391,619546
110,蔥,102995,6385682
110,芋,39390,2080168
110,薑,22237,952171
110,其他根菜類,6255,153931
110,胡蘿蔔,87024,1347997
110,蘿蔔,93593,697269
110,其他特用作物,20315,3237211
110,山藥,14204,752516
110,香花作物,131,73696
110,樹薯,572,17726
110,芝麻,1932,403635
110,菸草,0,0
110,茶葉,11883,6737125
110,生食用甘蔗,38291,372954
110,製糖甘蔗,594724,642302
110,其他豆類,461,12392
110,綠豆,51,5074
110,紅豆,12587,821069
110,花豆,5,94
110,落花生,49637,2883411
110,大豆,4194,178252
110,其他糧食作物,1096,40931
110,甘藷,213712,3421533
110,蜀黍(高粱),2146,50908
110,栗,164,20661
110,小麥,2905,110234
110,食用玉米,135166,2849298
110,硬質玉米,74958,676873
110,稻米(糙米),1241668,35149100
109,稻米(糙米),1387176,38753919
109,硬質玉米,76888,682002
109,食用玉米,129587,2460869
109,小麥,5665,221699
109,栗,208,28686
109,蜀黍(高粱),2017,52451
109,甘藷,246002,3771216
109,其他糧食作物,1153,345844
109,大豆,4447,173449
109,落花生,53764,3262970
109,花豆,10,207
109,紅豆,12784,816268
109,綠豆,45,4655
109,其他豆類,496,14165
109,製糖甘蔗,530796,513810
109,生食用甘蔗,37980,365752
109,茶葉,14341,8244969
109,菸草,0,0
109,芝麻,2274,472424
109,樹薯,576,20175
109,香花作物,137,94753
109,山藥,40700,603566
109,其他特用作物,20919,3885066
109,蘿蔔,79106,669243
109,胡蘿蔔,77942,1126273
109,其他根菜類,8247,200775
109,薑,22343,707177
109,芋,38357,1537749
109,蔥,99862,4324026
109,蔥頭,10275,701808
109,馬鈴薯,52722,1287999
109,洋蔥,63843,862528
109,青蒜,6687,4324026
109,蒜頭,44946,5500128
109,茭白筍,37840,2411171
109,韭菜,22954,695991
109,竹筍,236873,11436242
109,蘆筍,3012,432585
109,荸薺,95,6612
109,其他莖菜類,31021,1058838
109,大芥菜,32703,318201
109,蕹菜,36616,1002181
109,芹菜,21996,674416
109,甘藍,409093,7024140
109,結球白菜,70496,893901
109,不結球白菜,103777,2039236
109,其他葉菜類,330693,7128964
109,花椰菜,70691,1922586
109,金針菜,316,207745
109,越瓜,2284,61352
109,胡瓜,51330,1353589
109,冬瓜,19413,188889
109,苦瓜,30073,1094058
109,茄子,35344,779337
109,蕃茄,97602,3590806
109,番椒,30071,1038890
109,菜豆,3926,245081
109,豌豆,3926,245081
109,毛豆,75675,1073832
109,其他果菜類,174431,5061139
109,西瓜,163500,2192546
109,香瓜,27134,831121
109,洋香瓜,26964,816494
109,草莓,9873,1371582
109,洋菇,4547,510797
109,香菇,4224,6322558
109,金針菇,23428,651298
109,其他菇類,11299,1425480
109,香蕉,359600,6138377
109,鳳梨,419027,8573311
109,椪柑,117009,3530182
109,桶柑,51760,1526417
109,文旦柚,73445,4085011
109,斗柚,642,27819
109,白柚,10852,470020
109,溫州蜜柑,143,4394
109,晚崙西亞橙,1423,26054
109,柳橙,141167,2384317
109,檸檬,44705,988885
109,葡萄柚,8145,189539
109,其他雜柑類,58156,1759074
109,龍眼,64543,3049678
109,芒果,171537,7070939
109,檳榔,98565,6603885
109,番石榴,198054,4466128
108,其他綠肥,0,0
108,青皮豆,115787,0
108,油菜,116543,0
108,太陽麻,308167,0
108,大豆,139209,0
108,田菁,427641,0
108,其他,0,0
108,狼尾草,277259,0
108,盤固拉,211300,0
108,盆花類(公頃),1164343,1283849669
108,苗圃類(公頃),4469731,2092900583
108,種籽類,1,1080
108,球根類,1,29
108,蘭花,80647,7009684
108,玉蘭花,134,20622
108,其他切花,0,0
108,天堂鳥,601,73428
108,非洲菊,5405,223773
108,火鶴花,3336,413182
108,滿天星,328,16640
108,玫瑰,6912,445386
108,百合,5829,2005487
108,香石竹,2410,110467
108,洋桔梗,2167,311292
108,大理花,163,12794
108,夜來香,828,51564
108,唐菖蒲,1813,95721
108,菊花,15352,1162913
108,其他青果類,0,0
108,可可椰子,18955,177043
108,百香果,25130,1434685
108,番荔枝,0,0
108,棗,33221,1583650
108,木瓜,57014,1746905
108,蘋果,1178,75297
108,梨,91032,5039529
108,楊桃,7611,187695
108,橄欖,1676,32505
108,荔枝,25255,3337492
108,梅,8270,323680
108,柿,39595,3665712
108,桃,16171,2005233
108,李,8090,534411
108,枇杷,5183,923695
108,葡萄,88635,6957853
108,蓮霧,57014,3360968
108,番石榴,179038,4447292
108,檳榔,103767,5759062
108,芒果,162424,7459027
108,龍眼,18251,1933302
108,其他雜柑類,9607,159478
108,葡萄柚,8582,157402
108,檸檬,46105,1022609
108,柳橙,147842,3066233
108,白柚,11158,484367
108,斗柚,649,28158
108,文旦柚,71962,2540275
108,桶柑,54069,1504750
108,椪柑,122027,3904849
108,鳳梨,431084,8845846
108,香蕉,342629,7321973
108,其他菇類,6366,250196
108,金針菇,20858,715439
108,香菇,5639,8495763
108,洋菇,4571,510800
108,草莓,8743,1345595
108,洋香瓜,27060,1004731
108,香瓜,22931,713857
108,西瓜,176004,2520380
108,其他果菜類,3513,107499
108,毛豆,69309,952999
108,荷蘭豆,4060,253818
108,菜豆,9990,384715
108,番椒,9024,568140
108,蕃茄,104794,3887847
108,茄子,34874,863485
108,苦瓜,30013,1070270
108,冬瓜,21270,259496
108,胡瓜,48968,1274644
108,越瓜,2088,65930
108,金針菜,308,192773
108,花椰菜,38882,1027661
108,其他葉菜類,156919,3185461
108,不結球白菜,106288,2252248
108,結球白菜,72955,961549
108,甘藍,423364,7273392
108,芹菜,25931,961000
108,甕菜,33918,988712
108,大芥菜,29980,351072
108,其他莖菜類,8279,225196
108,荸薺,104,6952
108,蘆筍,2681,328944
108,竹筍,247958,13610438
108,韭菜,24657,769044
108,茭白筍,30243,1949471
108,蒜頭,39667,3211863
108,蒜,7831,363265
108,洋蔥,57974,931059
108,馬鈴薯,62447,1398177
108,蔥頭,11675,894342
108,蔥,101815,5795324
108,芋,45297,1773358
108,薑,23986,826805
108,其他根菜類,712,19372
108,胡蘿蔔,103898,1202097
108,蘿蔔,92132,608071
108,其他特用作物,0,0
108,山藥,14899,420907
108,香花作物,0,0
108,樹薯,616,35939
108,芝麻,2104,428631
108,菸草,0,0
108,茶葉,14656,7020702
108,生食用甘蔗,42778,442749
108,製糖甘蔗,532569,512864
108,其他豆類,431,10341
108,綠豆,70,6566
108,紅豆,12136,775398
108,花豆,7,134
108,落花生,53198,2849816
108,其他糧食作物,403,12904
108,甘藷,195652,2956301
108,蜀黍,2268,58976
108,栗,309,25451
108,小麥,4831,152415
108,食用玉米,105222,2023416
108,硬質玉米,73540,658187
108,稻米(糙米),1428251,39891467
107,其他綠肥,3640,50958
107,青皮豆,10045,140632
107,油菜,7585,106194
107,太陽麻,18620,260679
107,大豆,4397,61557
107,田菁,21506,301080
107,其他,369132,612037
107,狼尾草,284020,326624
107,盤固拉,209512,217892
107,盆花類(公頃),1036,1086552
107,苗圃類(公頃),9474,4318749
107,種籽類,6,5524
107,球根類,12,516
107,蘭花,80242,5281590
107,玉蘭花,115,11836
107,其他切花,16644,1057297
107,天堂鳥,574,59750
107,非洲菊,5665,237926
107,火鶴花,3399,410336
107,滿天星,347,16448
107,玫瑰,7484,511911
107,百合,5567,1639748
107,香石竹,2243,91498
107,洋桔梗,2138,247320
107,大理花,154,17789
107,夜來香,796,54549
107,唐菖蒲,2108,102699
107,菊花,14719,879897
107,其他青果類,88074,3414660
107,可可椰子,19561,200106
107,百香果,25578,1213402
107,番荔枝,59115,5314664
107,棗,32800,1835475
107,木瓜,127244,3536104
107,蘋果,1619,92447
107,梨,118649,6815188
107,楊桃,8865,197423
107,橄欖,1591,26092
107,荔枝,78668,4261447
107,梅,17382,545912
107,柿,84301,5434014
107,桃,22506,1569124
107,李,13080,626800
107,枇杷,7100,1130352
107,葡萄,97799,6306090
107,蓮霧,48939,2901086
107,番石榴,176304,4652654
107,檳榔,102918,9159703
107,芒果,146672,7007002
107,龍眼,77198,3087915
107,其他雜柑類,60465,1531957
107,葡萄柚,8682,196471
107,檸檬,41431,1278990
107,柳橙,142397,2781017
107,白柚,10850,327670
107,斗柚,979,29566
107,文旦柚,60895,2061296
107,桶柑,52023,1270922
107,椪柑,108058,2853812
107,鳳梨,493998,10512277
107,香蕉,274066,5651241
107,其他菇類,9482,1740741
107,金針菇,21537,749471
107,香菇,5665,8661381
107,洋菇,5054,564983
107,草莓,8810,1416485
107,洋香瓜,34755,1196600
107,香瓜,22968,751068
107,西瓜,220846,3118345
107,其他果菜類,176424,4904508
107,毛豆,84490,1285937
107,荷蘭豆,3860,219008
107,菜豆,10789,430359
107,番椒,29307,994228
107,蕃茄,108082,3875817
107,茄子,34561,786613
107,苦瓜,30225,1072372
107,冬瓜,22643,270583
107,胡瓜,51224,1223730
107,越瓜,3232,35555
107,金針菜,340,206772
107,花椰菜,68515,1918743
107,其他葉菜類,337223,6753450
107,不結球白菜,93754,1789755
107,結球白菜,87252,965882
107,甘藍,431968,5624221
107,芹菜,26498,765782
107,甕菜,37172,1127431
107,大芥菜,38213,416138
107,其他莖菜類,30997,0
107,荸薺,116,7222
107,蘆筍,2582,334748
107,竹筍,250989,12782859
107,韭菜,22960,649086
107,茭白筍,46189,2763463
107,蒜頭,52016,2818216
107,蒜,8059,328567
107,洋蔥,75768,872842
107,馬鈴薯,62287,1392737
107,蔥頭,13495,574876
107,蔥,117210,3716716
107,芋,42274,1535388
107,薑,23372,1098037
107,其他根菜類,10749,224754
107,胡蘿蔔,114388,1277713
107,蘿蔔,95017,736380
107,其他特用作物,22728,3499482
107,山藥,15729,580864
107,香花作物,186,129459
107,樹薯,609,12190
107,芝麻,1886,406007
107,菸草,0,0
107,茶葉,14738,7477440
107,生食用甘蔗,43093,452904
107,製糖甘蔗,578778,557942
107,其他豆類,521,14826
107,綠豆,274,23710
107,紅豆,13145,846113
107,花豆,8,151
107,落花生,59471,3185878
107,其他糧食作物,1366,59891
107,甘藷,236266,3125803
107,蜀黍,2329,60548
107,栗,473,35462
107,小麥,6096,192522
107,食用玉米,106091,2003004
107,硬質玉米,68668,615948
107,稻米(糙米),1561642,42986458
106,其他綠肥,3009,42130
106,青皮豆,7072,99014
106,油菜,7157,100206
106,太陽麻,17846,249855
106,大豆,4022,56310
106,田菁,21970,307583
106,其他,443626,747163
106,狼尾草,285088,330702
106,盤固拉,212628,223259
106,盆花類(公頃),1056,1163394
106,苗圃類(公頃),9468,4251601
106,種籽類,4,3672
106,球根類,13,588
106,蘭花,76880,5935171
106,其他切花,16030,1057265
106,玉蘭花,124,10768
106,天堂鳥,555,62053
106,非洲菊,5375,306425
106,火鶴花,3694,451264
106,滿天星,325,23093
106,玫瑰,7574,486295
106,百合,5982,1663572
106,香石竹,2335,111542
106,洋桔梗,1648,252033
106,大理花,150,16512
106,文心蘭,5282,417079
106,夜來香,940,44680
106,唐菖蒲,2263,106458
106,菊花,15502,1157696
106,其他青果類,85781,4197930
106,可可椰子,20348,164819
106,百香果,11546,802382
106,番荔枝,52816,4822865
106,棗,22956,1638614
106,木瓜,125521,4694486
106,蘋果,1451,106796
106,梨,117694,7454766
106,楊桃,9751,293045
106,橄欖,1481,27847
106,荔枝,59796,4539027
106,梅,15565,651090
106,柿,63115,4296902
106,桃,23254,1676416
106,李,12787,696913
106,枇杷,6576,799466
106,葡萄,92601,6641396
106,蓮霧,50157,2971834
106,番石榴,172981,5768942
106,檳榔,102164,11401603
106,芒果,150558,7724153
106,龍眼,68544,4001653
106,其他雜柑類,58334,2031475
106,葡萄柚,8849,188854
106,檸檬,36574,1506144
106,柳橙,153966,4230998
106,晚崙西亞橙,1308,44363
106,溫州蜜柑,190,5727
106,白柚,11661,349971
106,斗柚,723,21716
106,文旦柚,78240,3061557
106,桶柑,56910,1824550
106,椪柑,127045,3999381
106,鳳梨,553530,13019044
106,香蕉,356016,12321746
106,其他菇類,9994,1768596
106,金針菇,20889,873199
106,香菇,5276,7855529
106,洋菇,4945,491120
106,草莓,8907,1638556
106,洋香瓜,34636,1137824
106,香瓜,31475,1010363
106,西瓜,210661,2677505
106,其他果菜類,176898,4451088
106,毛豆,78570,1346690
106,豌豆,4096,253150
106,菜豆,10692,400844
106,番椒,27855,1148969
106,蕃茄,111124,5116186
106,茄子,32014,754261
106,苦瓜,27878,985514
106,冬瓜,25904,237801
106,胡瓜,51264,1218038
106,越瓜,3082,40693
106,金針菜,404,259670
106,花椰菜,69962,1937229
106,其他葉菜類,325693,6804882
106,不結球白菜,98351,1924730
106,結球白菜,85211,1104344
106,甘藍,422320,5895590
106,芹菜,22561,464758
106,甕菜,35108,1075362
106,大芥菜,39207,254063
106,其他莖菜類,32155,752587
106,荸薺,122,7620
106,蘆筍,2555,358509
106,竹筍,257895,11699424
106,韭菜,23938,838330
106,茭白筍,44793,2919179
106,蒜頭,36543,3822410
106,青蒜,7195,596112
106,洋蔥,61167,1023334
106,馬鈴薯,54929,1127698
106,蔥頭,15499,835447
106,蔥,111883,5640038
106,芋,44129,1538356
106,薑,22097,840375
106,其他根菜類,12201,274595
106,胡蘿蔔,114447,1224585
106,蘿蔔,97103,821499
106,其他特用作物,21975,3241535
106,山藥,14710,620507
106,香花作物,157,138108
106,樹薯,565,5652
106,芝麻,3415,906072
106,菸草,1334,276819
106,茶葉,13443,7640177
106,生食用甘蔗,46561,501930
106,製糖甘蔗,455143,470618
106,其他豆類,499,14642
106,綠豆,378,33446
106,紅豆,11640,913908
106,花豆,13,277
106,落花生,63287,4587050
106,其他糧食作物,1279,57050
106,甘藷,241693,4041116
106,蜀黍(高粱),2042,53114
106,栗,385,32726
106,小麥,5379,166600
106,食用玉米,110346,1980720
106,硬質玉米,74951,572633
106,稻米(糙米),1396070,40496356
105,其他綠肥,3387,47411
105,青皮豆,6966,97523
105,油菜,7552,105730
105,太陽麻,19916,278824
105,大豆,5343,74800
105,田菁,25414,355795
105,其他,431529,728895
105,狼尾草,284556,335776
105,盤固拉,178520,185661
105,盆花類(公頃),1019,991475
105,苗圃類(公頃),9220,3725519
105,種籽類,0,387
105,球根類,34,1472
105,蘭花,74903,5428195
105,玉蘭花,130,14978
105,其他切花,23469,1761241
105,天堂鳥,606,93181
105,非洲菊,5719,301988
105,火鶴花,3327,412552
105,滿天星,291,10463
105,玫瑰,7601,492540
105,百合,6340,2555444
105,香石竹,2473,133219
105,洋桔梗,2472,424168
105,大理花,521,16764
105,夜來香,852,45080
105,唐菖蒲,2719,339842
105,菊花,16072,1039841
105,其他青果類,66691,3723413
105,可可椰子,19633,130559
105,百香果,9397,579531
105,番荔枝,25320,1677445
105,棗,29121,1338097
105,木瓜,105921,3369349
105,蘋果,1483,160233
105,梨,111424,7481031
105,楊桃,9207,279050
105,橄欖,1929,41098
105,荔枝,46576,2991082
105,梅,16613,579115
105,柿,60266,2990983
105,桃,22430,1772844
105,李,13727,560197
105,枇杷,5782,636609
105,葡萄,79680,5971248
105,蓮霧,50675,2858044
105,番石榴,133075,4129326
105,檳榔,99992,9199260
105,芒果,106766,8414265
105,龍眼,68927,3031390
105,其他雜柑類,54643,1822247
105,葡萄柚,8026,166537
105,檸檬,36289,1144195
105,柳橙,131329,2886612
105,白柚,10790,281199
105,斗柚,740,17135
105,文旦柚,61811,1957552
105,桶柑,51924,1595103
105,椪柑,107086,3409625
105,鳳梨,527161,12103611
105,香蕉,257559,7574801
105,其他菇類,10251,624544
105,金針菇,19955,927887
105,香菇,5789,7582185
105,洋菇,4958,469176
105,草莓,7487,1212765
105,洋香瓜,36234,1394643
105,香瓜,29684,1296608
105,西瓜,201133,3643523
105,其他果菜類,178601,2645352
105,毛豆,61783,1215278
105,荷蘭豆,4501,415297
105,菜豆,9807,393579
105,番椒,26281,1536787
105,蕃茄,118958,5376291
105,茄子,24635,858705
105,苦瓜,26503,1295476
105,冬瓜,28766,463139
105,胡瓜,47926,1198142
105,越瓜,3245,31995
105,金針菜,391,223960
105,花椰菜,85118,3082109
105,其他葉菜類,307975,5591877
105,不結球白菜,92717,2271564
105,結球白菜,80096,1413696
105,甘藍,399667,8247533
105,芹菜,20476,809020
105,甕菜,35858,1348198
105,大芥菜,32224,657378
105,其他莖菜類,31099,583075
105,荸薺,222,9149
105,蘆筍,2021,263694
105,竹筍,239800,7344125
105,韭菜,23056,736396
105,茭白筍,43331,2984967
105,蒜頭,34667,3310009
105,蒜,9830,671168
105,洋蔥,60422,1099684
105,馬鈴薯,58023,1449420
105,蔥頭,9772,643108
105,蔥,101228,4640782
105,芋,42715,2102244
105,薑,23417,866878
105,其他根菜類,14812,264773
105,胡蘿蔔,98988,2369772
105,蘿蔔,88197,1340860
105,其他特用作物,19916,2951987
105,山藥,10959,460292
105,香花作物,142,107495
105,樹薯,525,5246
105,芝麻,1470,357440
105,菸草,1371,282510
105,茶葉,13018,7602478
105,生食用甘蔗,46602,514485
105,製糖甘蔗,526843,510511
105,其他豆類,488,14014
105,綠豆,187,15456
105,紅豆,11992,1004552
105,花豆,10,210
105,落花生,61832,4180451
105,其他糧食作物,1010,47100
105,甘藷,242030,4375907
105,蜀黍,1582,41752
105,栗,420,35662
105,小麥,3638,115629
105,食用玉米,99750,2389011
105,硬質玉米,65105,585949
105,稻米(糙米),1264128,37976695
104,其他綠肥,995,13924
104,青皮豆,17936,251101
104,油菜,9476,132667
104,太陽麻,30246,423440
104,大豆,8071,112989
104,田菁,28551,399721
104,其他,412688,487605
104,狼尾草,291842,341455
104,盤固拉,188808,987464
104,盆花類(公頃),994,1041345
104,苗圃類(公頃),8832,3707340
104,種籽類,4,3645
104,球根類,25,1088
104,蘭花,75085,5428652
104,玉蘭花,133,21283
104,其他切花,22766,1813980
104,天堂鳥,507,60380
104,非洲菊,6746,323819
104,火鶴花,3968,504728
104,滿天星,178,7823
104,玫瑰,8105,466874
104,百合,6214,1494347
104,香石竹,2619,134849
104,洋桔梗,2581,381011
104,大理花,512,16805
104,夜來香,785,48160
104,唐菖蒲,3235,182473
104,菊花,17081,1064144
104,其他青果類,61262,3380144
104,可可椰子,21687,133808
104,百香果,9094,404426
104,番荔枝,55426,3227462
104,棗,34191,1529691
104,木瓜,115115,3284235
104,蘋果,1319,132022
104,梨,127016,5973577
104,楊桃,10759,283290
104,橄欖,1979,41952
104,荔枝,87515,3234552
104,梅,32473,764033
104,柿,60929,3015176
104,桃,27026,1529152
104,李,14003,488411
104,枇杷,6848,723119
104,葡萄,85435,5115837
104,蓮霧,65775,3090099
104,番石榴,150687,4110729
104,檳榔,113182,10186357
104,芒果,166260,6974608
104,龍眼,85189,2806964
104,其他雜柑類,49951,1993109
104,葡萄柚,8550,170948
104,檸檬,38705,1402276
104,柳橙,139494,2778717
104,白柚,10850,310525
104,斗柚,979,24421
104,文旦柚,60895,1726366
104,桶柑,52023,1975826
104,椪柑,108058,3222282
104,鳳梨,493998,10215886
104,香蕉,274066,7512153
104,其他菇類,13259,688741
104,金針菇,20305,932014
104,香菇,5119,6249222
104,洋菇,4820,502747
104,草莓,8251,1142361
104,洋香瓜,41889,1522876
104,香瓜,29881,1318003
104,西瓜,217466,2763563
104,其他果菜類,154086,2657372
104,毛豆,62428,1159966
104,荷蘭豆,3773,235942
104,菜豆,10146,402033
104,番椒,24865,1192789
104,蕃茄,124288,3879275
104,茄子,25519,763543
104,苦瓜,27773,1247018
104,冬瓜,24076,307067
104,胡瓜,47521,1040288
104,越瓜,3720,39781
104,金針菜,345,209753
104,花椰菜,81313,2179360
104,其他葉菜類,288040,5629088
104,不結球白菜,75943,1708107
104,結球白菜,78421,1039626
104,甘藍,361317,5889471
104,芹菜,21062,614561
104,甕菜,32061,940241
104,大芥菜,28779,308595
104,其他莖菜類,28163,583318
104,荸薺,136,9843
104,蘆筍,3014,303185
104,竹筍,247449,6700685
104,韭菜,32480,865001
104,茭白筍,39873,2559868
104,蒜頭,49716,2357465
104,蒜,13012,600357
104,洋蔥,56614,888269
104,馬鈴薯,64250,1215355
104,蔥頭,11513,620788
104,蔥,97147,4000795
104,芋,40408,1587410
104,薑,24465,905688
104,其他根菜類,16640,264714
104,胡蘿蔔,108956,1683377
104,蘿蔔,89720,1031784
104,其他特用作物,27143,3327730
104,山藥,12237,508817
104,香花作物,146,91911
104,樹薯,525,5248
104,芝麻,1955,420560
104,菸草,1604,330456
104,茶葉,14405,6827835
104,生食用甘蔗,46647,543163
104,製糖甘蔗,618264,635575
104,其他豆類,410,11069
104,綠豆,146,11969
104,紅豆,12765,828831
104,花豆,5,102
104,落花生,62083,3481015
104,其他糧食作物,660,29663
104,甘藷,230481,3292882
104,蜀黍,2913,75739
104,栗,669,56881
104,小麥,7335,233244
104,食用玉米,96613,1918738
104,硬質玉米,68694,618247
104,稻米(糙米),1260362,37419791
103,蠶,0,0
103,盆花類(公頃),945,996544
103,苗圃類(公頃),8316,3599352
103,種籽類,7,6451
103,球根類,3,129
103,蘭花,73715,4934511
103,其他切花,21986,1868415
103,天堂鳥,359,42243
103,非洲菊,6537,321613
103,火鶴花,4214,530906
103,滿天星,159,6726
103,玫瑰,9525,560078
103,百合,5913,1908675
103,香石竹,3042,142363
103,洋桔梗,2940,426834
103,大理花,468,16888
103,夜來香,886,55379
103,唐菖蒲,3640,214051
103,菊花,17077,1012688
103,其他青果類,55586,3336088
103,可可椰子,23383,154097
103,百香果,9265,435997
103,番荔枝,55938,3193494
103,棗,35304,1640226
103,木瓜,115780,3329822
103,蘋果,1507,141951
103,梨,134549,6723438
103,楊桃,12030,381482
103,橄欖,2292,58208
103,荔枝,93078,3646782
103,梅,34709,690355
103,柿,72764,3666595
103,桃,28677,1620799
103,李,15271,472642
103,枇杷,7189,698998
103,葡萄,82199,5450649
103,蓮霧,82390,4626197
103,番石榴,168392,4155925
103,檳榔,121435,10686248
103,芒果,152932,7620614
103,龍眼,101668,2765367
103,其他雜柑類,56631,2228363
103,葡萄柚,9481,164394
103,檸檬,36520,1481983
103,柳橙,162533,3236033
103,白柚,14122,381020
103,斗柚,871,23495
103,文旦柚,65974,1766792
103,桶柑,59520,1979639
103,椪柑,137136,3800034
103,鳳梨,456243,9143108
103,香蕉,299900,7251579
103,香菇,5025,6437167
103,洋菇,3110,332318
103,草莓,9036,1033923
103,洋香瓜,42498,1398186
103,香瓜,27056,1339358
103,西瓜,211330,3090485
103,其他果菜類,149249,2366647
103,毛豆,62847,1030691
103,荷蘭豆,5128,333306
103,菜豆,9959,363051
103,番椒,27153,881516
103,蕃茄,136066,3264234
103,茄子,26543,583935
103,苦瓜,27671,1079172
103,冬瓜,28227,294610
103,胡瓜,46775,914316
103,越瓜,3928,35558
103,金針菜,330,219633
103,花椰菜,79451,1974367
103,其他葉菜類,273189,4685045
103,不結球白菜,77919,1683827
103,結球白菜,81082,978015
103,甘藍,376417,4806844
103,芹菜,20289,754129
103,甕菜,28482,815718
103,大芥菜,40681,433624
103,其他莖菜類,30079,551880
103,荸薺,181,11286
103,蘆筍,3243,306005
103,竹筍,277201,7280672
103,韭菜,42427,859652
103,茭白筍,42416,2573870
103,蒜頭,59496,1887168
103,蒜,14168,764465
103,洋蔥,64325,866200
103,馬鈴薯,56284,1027187
103,蔥頭,19853,642853
103,蔥,105647,3857171
103,芋,43608,1580393
103,薑,21865,831028
103,其他根菜類,19764,263222
103,胡蘿蔔,130583,1407559
103,蘿蔔,101349,883455
103,其他特用作物,26535,2953115
103,山藥,12805,431516
103,香花作物,171,94248
103,樹薯,518,5182
103,芝麻,2208,530158
103,菸草,1650,339820
103,茶葉,15200,7523876
103,生食用甘蔗,39463,403980
103,製糖甘蔗,502706,519798
103,其他豆類,358,8950
103,綠豆,158,12976
103,紅豆,11769,787204
103,花豆,4,78
103,落花生,68513,4454733
103,大豆,1173,52788
103,其他糧食作物,523,23918
103,甘藷,234883,4476160
103,蜀黍,2203,57289
103,栗,709,60246
103,小麥,6811,216458
103,食用玉米,103608,1670167
103,硬質玉米,62192,559730
103,稻米(糙米),1399393,41479191
102,蠶,0,0
102,盆花類(公頃),926,1023637
102,苗圃類(公頃),8343,3556284
102,種籽類,5,4235
102,球根類,11,456
102,蘭花,71592,4841071
102,其他切花,23036,1947886
102,天堂鳥,318,39664
102,非洲菊,6533,313596
102,火鶴花,4284,524331
102,滿天星,113,4987
102,玫瑰,9543,514200
102,百合,5919,1874323
102,香石竹,2915,149717
102,洋桔梗,2870,399440
102,大理花,618,21624
102,夜來香,921,57136
102,唐菖蒲,3343,199884
102,菊花,17693,1038605
102,其他青果類,42727,2067174
102,可可椰子,25757,155317
102,百香果,7959,357667
102,番荔枝,52612,2866819
102,棗,38205,1565637
102,木瓜,118822,3132159
102,蘋果,1292,91016
102,梨,109105,4797348
102,楊桃,12976,293007
102,橄欖,2152,46919
102,荔枝,93221,3674761
102,梅,30706,666317
102,柿,63694,2982146
102,桃,27156,1672797
102,李,21582,602795
102,枇杷,7329,596595
102,葡萄,97256,4891954
102,蓮霧,99526,5026052
102,番石榴,182479,3857610
102,檳榔,124054,8435695
102,芒果,215168,9181220
102,龍眼,90975,3184122
102,其他雜柑類,50856,1644108
102,葡萄柚,9044,154117
102,檸檬,30831,1090194
102,柳橙,160496,3128059
102,白柚,13655,376206
102,斗柚,904,24918
102,文旦柚,62187,1784778
102,桶柑,44903,1198469
102,椪柑,133253,3725753
102,鳳梨,413465,8008823
102,香蕉,291292,6522039
102,香菇,5187,5969756
102,洋菇,2921,313182
102,草莓,8732,803206
102,洋香瓜,42763,1445398
102,香瓜,27194,1262623
102,西瓜,212690,2764964
102,其他果菜類,141304,2303223
102,毛豆,69877,1145979
102,荷蘭豆,4137,276819
102,菜豆,10267,357387
102,番椒,26586,1074587
102,蕃茄,141881,4081905
102,茄子,25198,518061
102,苦瓜,27686,1112706
102,冬瓜,32726,308276
102,胡瓜,43851,812565
102,越瓜,3634,38813
102,金針菜,326,190109
102,花椰菜,81045,1889045
102,其他葉菜類,272392,4600682
102,不結球白菜,79837,1649434
102,結球白菜,80653,1015419
102,甘藍,354390,5400896
102,芹菜,21019,760029
102,甕菜,33785,888534
102,大芥菜,40023,491485
102,其他莖菜類,27902,534556
102,荸薺,195,11087
102,蘆筍,3328,268464
102,竹筍,267092,7155400
102,韭菜,41421,846228
102,茭白筍,43969,2328142
102,蒜頭,43894,2459814
102,蒜,14647,606549
102,洋蔥,51234,869434
102,馬鈴薯,51327,1126108
102,蔥頭,17297,642753
102,蔥,102789,4304797
102,芋,40222,1462083
102,薑,26351,702001
102,其他根菜類,17077,195544
102,胡蘿蔔,113524,1834541
102,蘿蔔,100629,867419
102,其他特用作物,26999,3402220
102,山藥,11854,420456
102,香花作物,137,43286
102,樹薯,583,5834
102,芝麻,1399,316894
102,菸草,1700,346851
102,茶葉,14718,6917312
102,生食用甘蔗,28112,287079
102,製糖甘蔗,505526,530802
102,其他豆類,786,19111
102,綠豆,224,18460
102,紅豆,11858,705627
102,花豆,12,244
102,落花生,46809,2662031
102,大豆,879,43960
102,其他糧食作物,355,15955
102,甘藷,215093,3697016
102,蜀黍,3300,85605
102,栗,576,46099
102,小麥,4127,129125
102,食用玉米,93465,1420672
102,飼料玉米,39440,354958
102,稻米,1275456,36983554
101,蠶,0,0
101,盆花類(公頃),866,1000180
101,苗圃類(公頃),7547,3217118
101,種籽類,4,3947
101,球根類,25,1062
101,蘭花,69654,4757385
101,其他切花,23498,1928157
101,天堂鳥,319,33160
101,非洲菊,7265,305147
101,火鶴花,4352,522242
101,滿天星,88,4311
101,玫瑰,10314,568099
101,百合,6057,1793095
101,香石竹,3426,165695
101,洋桔梗,3484,466898
101,大理花,456,18258
101,夜來香,1210,73619
101,唐菖蒲,3366,214088
101,菊花,17968,1087064
101,其他青果類,37932,1528189
101,可可椰子,28208,168682
101,百香果,7510,232287
101,番荔枝,49864,2516130
101,棗,37912,1415268
101,木瓜,132763,3057530
101,蘋果,1519,101678
101,梨,137911,5981216
101,楊桃,13937,302718
101,橄欖,2073,45402
101,荔枝,81143,3278167
101,梅,31880,556941
101,柿,81894,3363374
101,桃,29130,1586404
101,李,22744,545857
101,枇杷,7364,733866
101,葡萄,99967,4575507
101,蓮霧,81667,3266661
101,番石榴,181178,3819233
101,檳榔,124091,8065946
101,芒果,167247,7016029
101,龍眼,94391,2781715
101,其他雜柑類,59707,1524466
101,葡萄柚,8947,182797
101,檸檬,22822,724600
101,柳橙,162345,2391344
101,白柚,13964,350084
101,斗柚,1013,17728
101,文旦柚,70465,1966680
101,桶柑,53194,1339964
101,椪柑,135796,2839494
101,鳳梨,392211,7220603
101,香蕉,295265,5642506
101,香菇,5334,5259521
101,洋菇,3439,329041
101,草莓,7951,715602
101,洋香瓜,37136,1290118
101,香瓜,29142,1353086
101,西瓜,243067,3159871
101,其他果菜類,118668,2303968
101,毛豆,71713,1175814
101,荷蘭豆,4276,299291
101,菜豆,11794,412793
101,番椒,23378,971623
101,蕃茄,111361,3943431
101,茄子,22045,518059
101,苦瓜,27312,1117346
101,冬瓜,22591,271097
101,胡瓜,45090,811629
101,越瓜,3718,36328
101,金針菜,371,206347
101,花椰菜,77722,1875294
101,其他葉菜類,288670,4817086
101,不結球白菜,95484,1909670
101,結球白菜,88533,1096039
101,甘藍,341279,5155979
101,芹菜,23792,730423
101,甕菜,31757,866953
101,大芥菜,36225,432893
101,其他莖菜類,24904,532316
101,荸薺,325,11052
101,蘆筍,3340,250511
101,竹筍,278903,7471248
101,韭菜,41790,821174
101,茭白筍,41644,1998925
101,蒜頭,46759,2524988
101,蒜,15315,624542
101,洋蔥,44986,764764
101,馬鈴薯,45433,1044959
101,蔥頭,15329,642274
101,蔥,97482,4386706
101,芋,41805,1504988
101,薑,34284,754242
101,其他根菜類,14109,173757
101,胡蘿蔔,101929,1834728
101,蘿蔔,81483,733347
101,其他特用作物,27080,3558027
101,山藥,13961,442274
101,香花作物,137,29736
101,樹薯,673,6725
101,芝麻,620,136008
101,菸草,1642,332751
101,茶葉,14902,6735506
101,生食用甘蔗,29062,297299
101,製糖甘蔗,548455,630723
101,其他豆類,725,17404
101,綠豆,45,3621
101,紅豆,10698,515131
101,花豆,9,174
101,落花生,56845,2491497
101,大豆,159,3981
101,其他糧食作物,424,19835
101,甘藷,220514,3395916
101,蜀黍,3564,92516
101,栗,401,24070
101,小麥,6859,215301
101,食用玉米,75359,1216293
101,飼料玉米,29825,565726
101,稻米,1368215,39746469
100,蠶,0,0
100,盆花類(公頃),821,984544
100,苗圃類(公頃),7454,3140493
100,種籽類,0,385
100,球根類,0,1
100,蘭花,68343,4582750
100,其他切花,26544,1860455
100,天堂鳥,344,31655
100,非洲菊,7450,268209
100,火鶴花,4817,635796
100,滿天星,64,3866
100,玫瑰,11266,608355
100,百合,7630,1825761
100,香石竹,3841,152118
100,洋桔梗,2626,308872
100,大理花,379,18195
100,夜來香,1296,68584
100,唐菖蒲,3475,212650
100,菊花,20512,1033802
100,其他青果類,35455,1271852
100,可可椰子,29785,166199
100,百香果,7516,210443
100,番荔枝,59739,2759936
100,棗,31050,1287033
100,木瓜,151183,2846783
100,蘋果,1667,106798
100,梨,150013,5760495
100,楊桃,15975,317897
100,橄欖,2262,48408
100,荔枝,90471,3184568
100,梅,42010,861615
100,柿,90100,2797606
100,桃,29719,1575108
100,李,23656,558271
100,枇杷,7994,764788
100,葡萄,107280,4655962
100,蓮霧,78109,3104844
100,番石榴,168848,3098370
100,檳榔,129316,8082246
100,芒果,169380,6478771
100,龍眼,112156,2595296
100,其他雜柑類,63489,1545409
100,葡萄柚,9711,182473
100,檸檬,23833,671141
100,柳橙,178829,2097659
100,白柚,13264,339829
100,斗柚,1043,18258
100,文旦柚,69668,1793245
100,桶柑,54739,1300047
100,椪柑,142369,2542709
100,鳳梨,401367,6742965
100,香蕉,305740,4601381
100,香菇,4716,4462406
100,洋菇,4097,378711
100,草莓,7348,762994
100,洋香瓜,44459,1481827
100,香瓜,33390,1456147
100,西瓜,246643,2843300
100,其他果菜類,124767,2238338
100,毛豆,69231,1152010
100,荷蘭豆,6732,434245
100,菜豆,12299,416317
100,番椒,21611,773475
100,蕃茄,122870,3442826
100,茄子,23123,506854
100,苦瓜,30035,1181266
100,冬瓜,29915,262054
100,胡瓜,45956,678309
100,越瓜,4168,36332
100,金針菜,502,293750
100,花椰菜,90278,1638216
100,其他葉菜類,304995,4829569
100,不結球白菜,88752,1385774
100,結球白菜,94299,880751
100,甘藍,367307,3460109
100,芹菜,25079,557005
100,甕菜,35026,746763
100,大芥菜,32747,367424
100,其他莖菜類,40557,673350
100,荸薺,115,3680
100,蘆筍,3056,222897
100,竹筍,294938,7992818
100,韭菜,41603,854103
100,茭白筍,45353,2083534
100,蒜頭,63939,2367004
100,蒜,14195,582852
100,洋蔥,64801,888419
100,馬鈴薯,63345,790546
100,蔥頭,10402,416099
100,蔥,105826,2999101
100,芋,46882,1251268
100,薑,36617,779210
100,其他根菜類,13667,167970
100,胡蘿蔔,104573,1106387
100,蘿蔔,100996,641325
100,其他特用作物,27390,3209965
100,山藥,13515,416816
100,香花作物,149,25692
100,樹薯,599,5987
100,芝麻,770,175170
100,菸草,1737,347379
100,茶葉,17310,6894424
100,生食用甘蔗,34608,322543
100,製糖甘蔗,653952,839674
100,其他豆類,690,16749
100,綠豆,43,3491
100,紅豆,11498,804959
100,花豆,58,1151
100,落花生,68231,3159771
100,大豆,105,2618
100,其他糧食作物,455,19453
100,甘藷,205868,3069487
100,蜀黍,3416,88174
100,栗,325,19498
100,小麥,4034,125692
100,食用玉米,88135,1198641
100,飼料玉米,35097,526461
100,稻米,1347767,38145866
99,蠶,0,0
99,盆花類(公頃),775,949560
99,苗圃類(公頃),8048,2669409
99,種籽類,0,74
99,球根類,37,1612
99,蘭花,68503,3253899
99,其他切花,26010,1841852
99,天堂鳥,330,29936
99,非洲菊,6515,242375
99,火鶴花,4558,656336
99,滿天星,128,7663
99,玫瑰,12151,605141
99,百合,5741,1443316
99,香石竹,4711,186566
99,洋桔梗,1756,210682
99,大理花,287,15524
99,夜來香,1395,80022
99,唐菖蒲,3939,245803
99,菊花,19015,844245
99,其他青果類,32580,1022421
99,可可椰子,32997,173895
99,百香果,7056,211682
99,番荔枝,64243,2762431
99,棗,34187,1350383
99,木瓜,129322,2883879
99,蘋果,2186,117182
99,梨,174858,6120022
99,楊桃,15727,290940
99,橄欖,2551,57391
99,荔枝,89440,2987310
99,梅,49695,873141
99,柿,58401,1833784
99,桃,28348,1316763
99,李,24826,571004
99,枇杷,9212,772125
99,葡萄,102831,4414535
99,蓮霧,59675,2876325
99,番石榴,167009,3273377
99,檳榔,131737,8288370
99,芒果,135293,5032899
99,龍眼,100436,2533998
99,其他雜柑類,58465,1554931
99,葡萄柚,9207,147314
99,檸檬,18105,449006
99,柳橙,185289,2012233
99,白柚,12720,292570
99,斗柚,1341,22802
99,文旦柚,88100,2202493
99,桶柑,52546,1313650
99,椪柑,102341,2190094
99,鳳梨,420172,7042078
99,香蕉,287895,3978714
99,香菇,4540,3845349
99,洋菇,3149,245638
99,草莓,5473,499813
99,洋香瓜,41156,1234681
99,香瓜,27726,831787
99,西瓜,225925,2485170
99,其他果菜類,129498,2685212
99,毛豆,51339,756738
99,荷蘭豆,6222,292448
99,菜豆,13380,374640
99,番椒,23503,684632
99,蕃茄,116034,2494741
99,茄子,25416,521029
99,苦瓜,30742,799287
99,冬瓜,35996,215974
99,胡瓜,44556,712894
99,越瓜,4265,34119
99,金針菜,386,194669
99,花椰菜,87842,1649680
99,其他葉菜類,256781,3942140
99,不結球白菜,76210,1105042
99,結球白菜,100494,994894
99,甘藍,329149,3097297
99,芹菜,28115,643001
99,甕菜,34187,683748
99,大芥菜,32225,354479
99,其他莖菜類,41341,659557
99,荸薺,54,1617
99,蘆筍,2657,191328
99,竹筍,292209,7725999
99,韭菜,37908,744899
99,茭白筍,46403,1948911
99,蒜頭,44916,3144130
99,蒜,13753,373660
99,洋蔥,58059,905722
99,馬鈴薯,60684,788897
99,蔥頭,10411,270674
99,蔥,111205,2946943
99,芋,53212,1223872
99,薑,34864,976193
99,其他根菜類,15318,176841
99,胡蘿蔔,108178,973604
99,蘿蔔,95113,746634
99,其他特用作物,31699,1940379
99,山藥,17337,450757
99,香花作物,139,20152
99,樹薯,610,6103
99,芝麻,947,152833
99,菸草,1753,354166
99,茶葉,17467,6410527
99,生食用甘蔗,47124,408093
99,製糖甘蔗,665359,794306
99,其他豆類,594,14253
99,綠豆,173,13686
99,紅豆,8693,737962
99,花豆,62,1240
99,落花生,65036,3467744
99,大豆,204,5092
99,其他糧食作物,489,15522
99,甘藷,209191,2384772
99,蜀黍,4411,108680
99,栗,477,11927
99,小麥,5178,160516
99,食用玉米,81237,1031716
99,飼料玉米,34551,518262
99,稻米,1167973,30355766
98,蠶,0,0
98,盆花類(公頃),772,1011757
98,苗圃類(公頃),7924,2600774
98,種籽類,1,578
98,球根類,25,1213
98,蘭花,62027,2946295
98,其他切花,27019,1597626
98,天堂鳥,329,28782
98,非洲菊,6618,262092
98,火鶴花,4070,561700
98,滿天星,129,7105
98,玫瑰,10734,538418
98,百合,6912,1202762
98,香石竹,4879,187343
98,洋桔梗,1261,90786
98,大理花,1254,60180
98,夜來香,1685,93031
98,唐菖蒲,3896,236574
98,菊花,17855,814177
98,其他青果類,28576,689847
98,可可椰子,35288,176440
98,百香果,6662,186525
98,番荔枝,70370,2885177
98,棗,36991,1350184
98,木瓜,82878,2187968
98,蘋果,3645,174955
98,梨,153450,5079179
98,楊桃,16941,338818
98,橄欖,2583,52693
98,荔枝,95440,3113723
98,梅,46890,761501
98,柿,37032,1073933
98,桃,28838,1218415
98,李,22899,572463
98,枇杷,9213,1030426
98,葡萄,98091,4311093
98,蓮霧,43693,1802354
98,番石榴,135303,2739882
98,檳榔,142636,8387007
98,芒果,140290,5064466
98,龍眼,82602,2663917
98,其他雜柑類,50815,1078901
98,葡萄柚,9444,136931
98,檸檬,14446,299038
98,柳橙,231549,2315485
98,白柚,10891,266823
98,斗柚,803,14855
98,文旦柚,70150,1936130
98,桶柑,53578,1098353
98,椪柑,98179,2061756
98,鳳梨,434769,6238070
98,香蕉,172550,4400020
98,香菇,4012,3249695
98,洋菇,3898,292353
98,草莓,5290,491952
98,洋香瓜,40421,1131789
98,香瓜,26147,745200
98,西瓜,217619,2437337
98,其他果菜類,118770,2415695
98,毛豆,49398,726146
98,荷蘭豆,6653,296069
98,菜豆,15062,399152
98,番椒,25301,799513
98,蕃茄,99491,2039561
98,茄子,27186,543725
98,苦瓜,30491,829342
98,冬瓜,26231,241321
98,胡瓜,44463,658048
98,越瓜,4833,33828
98,金針菜,576,267845
98,花椰菜,76569,1382063
98,其他葉菜類,242723,3800443
98,不結球白菜,80646,1129040
98,結球白菜,120633,986782
98,甘藍,346297,3289823
98,芹菜,27565,502792
98,甕菜,39763,775374
98,大芥菜,41943,354001
98,其他莖菜類,33784,585954
98,荸薺,203,6094
98,蘆筍,2479,193372
98,竹筍,251994,6904640
98,韭菜,35354,760110
98,茭白筍,46169,1823683
98,蒜頭,49600,2231998
98,蒜,18257,529461
98,洋蔥,46969,634084
98,馬鈴薯,51390,693759
98,蔥頭,11843,296075
98,蔥,111347,2895013
98,芋,42551,1212717
98,薑,31393,822484
98,其他根菜類,6386,79563
98,胡蘿蔔,111351,890810
98,蘿蔔,101585,731414
98,其他特用作物,28827,1373881
98,山藥,14398,503936
98,香花作物,103,15981
98,樹薯,726,7259
98,芝麻,948,168784
98,菸草,1928,378684
98,茶葉,16780,4906438
98,生食用甘蔗,51044,476754
98,製糖甘蔗,613228,585018
98,其他豆類,490,12307
98,綠豆,70,5313
98,紅豆,8550,567899
98,花豆,25,543
98,落花生,56941,2762760
98,大豆,220,5489
98,其他糧食作物,548,18075
98,甘藷,229038,2336188
98,蜀黍,719,10073
98,栗,479,11963
98,小麥,364,8003
98,食用玉米,87579,1138524
98,飼料玉米,45981,689718
98,稻米,1276534,33775015
97,蠶,0,0
97,盆花類(公頃),800,955619
97,苗圃類(公頃),7808,2617307
97,種籽類,0,475
97,球根類,76,3327
97,蘭花,54087,2650285
97,其他切花,24612,1526965
97,天堂鳥,358,30077
97,非洲菊,6130,257467
97,火鶴花,4439,585890
97,滿天星,96,5739
97,玫瑰,12357,650980
97,百合,6445,1027692
97,香石竹,5438,195773
97,洋桔梗,1341,91188
97,大理花,1702,67405
97,夜來香,1501,75658
97,唐菖蒲,4431,269025
97,菊花,17507,819328
97,其他青果類,31095,720738
97,可可椰子,37911,167187
97,百香果,5867,155488
97,番荔枝,67749,2879343
97,棗,31090,1305766
97,木瓜,94359,2358977
97,蘋果,4163,187342
97,梨,138381,4822569
97,楊桃,19038,420926
97,橄欖,2452,52718
97,荔枝,79565,2896173
97,梅,35812,799320
97,柿,33899,1000034
97,桃,29329,1214207
97,李,23001,690034
97,枇杷,7738,866055
97,葡萄,84656,3809507
97,蓮霧,63902,2492179
97,番石榴,141065,2778974
97,檳榔,144195,8651698
97,芒果,176716,6626867
97,龍眼,101909,3169370
97,其他雜柑類,47526,1110632
97,葡萄柚,9339,140087
97,檸檬,18606,325609
97,柳橙,254125,2287126
97,白柚,10174,274709
97,斗柚,862,15081
97,文旦柚,68061,1633471
97,桶柑,54532,1145170
97,椪柑,100689,2114469
97,鳳梨,452060,6498808
97,香蕉,207702,4536205
97,香菇,4233,3386104
97,洋菇,3951,276568
97,草莓,6106,555621
97,洋香瓜,48423,1346172
97,香瓜,24057,649541
97,西瓜,203275,2540941
97,其他果菜類,116644,2412345
97,毛豆,41202,618853
97,荷蘭豆,7127,292222
97,菜豆,14909,395089
97,番椒,24178,766890
97,蕃茄,110662,2047243
97,茄子,25834,555436
97,苦瓜,29684,828176
97,冬瓜,29824,238591
97,胡瓜,45373,688756
97,越瓜,4621,32349
97,金針菜,591,254210
97,花椰菜,67877,1366427
97,其他葉菜類,231684,3666973
97,不結球白菜,69128,1140605
97,結球白菜,98713,1036489
97,甘藍,348818,3374816
97,芹菜,26162,565109
97,甕菜,29506,632909
97,大芥菜,55091,495820
97,其他莖菜類,42235,634994
97,荸薺,66,2324
97,蘆筍,2667,200007
97,竹筍,255046,6223127
97,韭菜,29963,749076
97,茭白筍,46295,1851783
97,蒜頭,54508,2111081
97,蒜,20528,759547
97,洋蔥,72720,727203
97,馬鈴薯,59652,686001
97,蔥頭,11949,274831
97,蔥,95124,4044663
97,芋,38592,1080582
97,薑,31810,817524
97,其他根菜類,9014,115252
97,胡蘿蔔,92319,784712
97,蘿蔔,118720,949756
97,其他特用作物,29342,1405853
97,山藥,18361,550834
97,香花作物,134,20845
97,樹薯,985,9854
97,芝麻,408,81771
97,菸草,1725,321918
97,茶葉,17384,4844785
97,生食用甘蔗,58400,501659
97,製糖甘蔗,707102,546763
97,其他豆類,757,21049
97,綠豆,51,3843
97,紅豆,7013,460430
97,花豆,64,1399
97,落花生,55075,2464073
97,大豆,141,3517
97,其他糧食作物,369,11081
97,甘藷,212816,2553790
97,蜀黍,2532,35442
97,栗,605,15114
97,小麥,292,6435
97,食用玉米,80807,1171698
97,飼料玉米,37290,559343
97,稻米,1178178,31362747
96,蠶,0,0
96,盆花類,781,1062084
96,苗圃類,7915,2716145
96,種籽類,2,1767
96,球根類,154,5854
96,蘭花,58064,2874180
96,其他切花,26411,1616574
96,天堂鳥,408,39208
96,非洲菊,6831,272983
96,火鶴花,3534,479158
96,滿天星,238,13788
96,玫瑰,12822,584705
96,百合,6555,871057
96,香石竹,4032,149523
96,洋桔梗,1424,100380
96,大理花,1585,66577
96,夜來香,2293,104820
96,唐菖蒲,5693,348424
96,菊花,22017,1056839
96,其他青果類,31842,638266
96,可可椰子,41807,202762
96,百香果,4770,124010
96,番荔枝,78830,2916713
96,棗,38795,1319031
96,木瓜,92914,1951197
96,蘋果,5953,241092
96,梨,150429,4700904
96,楊桃,20196,405931
96,橄欖,2579,54671
96,荔枝,99721,2941758
96,梅,37834,818730
96,柿,32962,936127
96,桃,28435,1199958
96,李,25830,542430
96,枇杷,7107,791838
96,葡萄,90081,3738353
96,蓮霧,82223,2664019
96,番石榴,131703,2225783
96,檳榔,134497,8599766
96,芒果,215292,6792447
96,龍眼,108612,2769603
96,其他雜柑類,45934,1106373
96,葡萄柚,9167,146951
96,檸檬,17166,343323
96,柳橙,192910,2015906
96,白柚,8777,280854
96,斗柚,801,16026
96,文旦柚,63711,1857819
96,桶柑,44881,1254410
96,椪柑,89727,2023342
96,鳳梨,476811,6675357
96,香蕉,241729,3299602
96,香菇,4184,2911670
96,洋菇,4304,279738
96,草莓,6096,566940
96,洋香瓜,50702,1368948
96,香瓜,31481,787035
96,西瓜,220773,2649278
96,其他果菜類,111998,2015410
96,毛豆,43343,643642
96,荷蘭豆,6295,283285
96,菜豆,16423,410587
96,番椒,26272,833471
96,蕃茄,96841,1936820
96,茄子,25500,548253
96,苦瓜,31313,801624
96,冬瓜,28060,266573
96,胡瓜,47900,632284
96,越瓜,4407,32614
96,金針菜,602,222811
96,花椰菜,67917,1419469
96,其他葉菜類,211157,3372338
96,不結球白菜,72896,1093437
96,結球白菜,88733,976060
96,甘藍,318717,3489946
96,芹菜,29057,581135
96,甕菜,35176,685941
96,大芥菜,48663,510963
96,其他莖菜類,36408,673910
96,荸薺,106,3176
96,蘆筍,3141,197869
96,竹筍,291709,5950859
96,韭菜,30945,711736
96,茭白筍,44291,1660924
96,蒜頭,43840,2126233
96,蒜,20822,734607
96,洋蔥,67295,807534
96,馬鈴薯,47389,663451
96,蔥頭,7905,197624
96,蔥,97920,3720957
96,芋,42472,764495
96,薑,32373,793461
96,其他根菜類,11573,121680
96,胡蘿蔔,85793,772137
96,蘿蔔,110856,942273
96,其他特用作物,30402,1516794
96,山藥,15782,394557
96,香花作物,105,20264
96,樹薯,819,8191
96,芝麻,313,53449
96,菸草,1672,299736
96,茶葉,17502,4499869
96,生食用甘蔗,60043,531977
96,製糖甘蔗,720874,554713
96,其他豆類,772,21623
96,綠豆,64,4737
96,紅豆,6056,426942
96,花豆,21,518
96,落花生,51885,2101358
96,大豆,147,3687
96,其他糧食作物,189,6578
96,甘藷,200087,2000871
96,蜀黍,4895,68525
96,栗,608,14587
96,小麥,296,6503
96,食用玉米,84985,1110750
96,飼料玉米,33885,508274
96,稻米,1098268,26091341
95,盆花類,824,1231155
95,苗圃類,7695,2863314
95,種籽類,1,988
95,球根類,99,3916
95,蘭花,57785,2773696
95,其他切花,28865,1709401
95,天堂鳥,471,44626
95,非洲菊,6106,208097
95,火鶴花,3770,481299
95,滿天星,369,18813
95,玫瑰,13419,595796
95,百合,5293,725160
95,香石竹,4511,159147
95,洋桔梗,1601,109679
95,大理花,3746,144221
95,夜來香,2919,133813
95,唐菖蒲,6875,386078
95,菊花,22187,931864
95,其他青果類,36790,751266
95,可可椰子,44826,215164
95,百香果,5773,118353
95,番荔枝,85005,2720159
95,棗,30230,1058035
95,木瓜,129283,2094379
95,蘋果,5930,231262
95,梨,126628,4033099
95,楊桃,23977,433984
95,橄欖,2499,59984
95,荔枝,84652,2581886
95,梅,48001,904343
95,柿,26395,773382
95,桃,28508,1183069
95,李,26297,512783
95,枇杷,6959,678537
95,葡萄,102291,3833885
95,蓮霧,69234,2270869
95,番石榴,170169,2416396
95,檳榔,141563,9838625
95,芒果,191332,6400061
95,龍眼,102693,2875406
95,其他雜柑類,47490,1079486
95,葡萄柚,10122,167020
95,檸檬,16918,509227
95,柳橙,228225,2168139
95,白柚,10508,294212
95,斗柚,977,14653
95,文旦柚,73571,1986418
95,桶柑,50535,1086508
95,椪柑,110645,2268213
95,鳳梨,491588,8356999
95,香蕉,214277,3749844
95,香菇,4643,2716432
95,洋菇,4663,264410
95,草莓,6328,582149
95,洋香瓜,73727,1913219
95,香瓜,41171,864597
95,西瓜,236322,2481386
95,其他果菜類,116537,1806420
95,毛豆,57273,744553
95,荷蘭豆,7811,296829
95,菜豆,18911,369703
95,番椒,30234,783072
95,蕃茄,119275,1312020
95,茄子,32431,601910
95,苦瓜,35807,723302
95,冬瓜,37668,271589
95,胡瓜,52946,635352
95,越瓜,7445,51369
95,金針菜,686,212811
95,花椰菜,75871,1320154
95,其他葉菜類,213948,3024369
95,不結球白菜,82256,1221508
95,結球白菜,132830,1261889
95,甘藍,355072,3082021
95,芹菜,33356,587069
95,甕菜,47963,671484
95,大芥菜,53949,485543
95,其他莖菜類,33848,556365
95,荸薺,0,0
95,蘆筍,4413,233461
95,竹筍,313356,4230301
95,韭菜,39521,695577
95,茭白筍,46265,1427278
95,蒜頭,43843,1972940
95,蒜,23681,795689
95,洋蔥,48050,552569
95,馬鈴薯,49569,535343
95,蔥頭,7082,177046
95,蔥,102577,4256938
95,芋,42497,764945
95,薑,29824,769471
95,其他根菜類,13333,139110
95,胡蘿蔔,93897,774647
95,蘿蔔,116416,841687
95,其他特用作物,35047,1685033
95,山藥,17377,347533
95,香花作物,104,15547
95,樹薯,917,4587
95,芝麻,571,87654
95,菸草,2193,370599
95,茶葉,19345,4352679
95,生食用甘蔗,63216,677675
95,製糖甘蔗,651041,576237
95,其他豆類,600,16813
95,綠豆,71,5317
95,紅豆,7831,411847
95,花豆,30,740
95,落花生,71561,3324721
95,大豆,187,4672
95,其他糧食作物,357,11692
95,甘藷,235203,2441407
95,蜀黍,4732,66252
95,栗,689,15167
95,小麥,271,5958
95,食用玉米,91075,1133884
95,飼料玉米,37358,560363
95,稻米,1261803,29379921
94,蠶,0,0
94,盆花類,797,1251224
94,苗圃類,7111,2550172
94,種籽類,1,643
94,球根類,182,7016
94,蘭花,42832,2227252
94,其他切花,23576,1488619
94,天堂鳥,456,46439
94,非洲菊,5435,261522
94,火鶴花,2971,378983
94,滿天星,237,14220
94,玫瑰,14253,723502
94,百合,6062,878062
94,香石竹,4089,159471
94,洋桔梗,1553,116439
94,大理花,3630,143767
94,夜來香,2004,96190
94,唐菖蒲,6980,435565
94,菊花,21863,1049400
94,其他青果類,32494,553144
94,可可椰子,38556,204347
94,百香果,5035,107995
94,番荔枝,75554,2531049
94,棗,32844,1059203
94,蘋果,5801,229156
94,梨,113183,3904824
94,楊桃,20928,458107
94,橄欖,2400,60002
94,荔枝,70537,2274826
94,梅,45937,813996
94,枇杷,5652,579304
94,葡萄,71105,2538435
94,蓮霧,84991,2702705
94,木瓜,88475,1486386
94,柿,27111,820107
94,桃,25468,1082387
94,李,29202,598640
94,番石榴,137166,2098646
94,檳榔,138095,10080945
94,芒果,149996,6074843
94,龍眼,102790,2816447
94,其他雜柑類,35991,661857
94,葡萄柚,8180,142011
94,檸檬,16581,458142
94,白柚,9504,262312
94,斗柚,766,11490
94,文旦柚,69830,1850496
94,桶柑,43656,888391
94,柳橙,193847,1977240
94,椪柑,93207,2003960
94,鳳梨,439872,7697767
94,香蕉,148715,3271740
94,香菇,4526,2581519
94,洋菇,5117,276326
94,其他果菜類,95164,1454861
94,草莓,5750,572152
94,香瓜,33272,765267
94,洋香瓜,60307,1728389
94,西瓜,212488,2443611
94,番椒,30180,920494
94,蕃茄,118422,1515808
94,毛豆,60629,727550
94,荷蘭豆,7852,318012
94,菜豆,15138,348177
94,茄子,24844,608679
94,苦瓜,28342,715636
94,冬瓜,28199,290451
94,胡瓜,51363,693400
94,越瓜,5130,39190
94,金針菜,673,215433
94,花椰菜,72548,1360272
94,其他葉菜類,219925,2963725
94,芹菜,31710,586640
94,甕菜,43942,667921
94,不結球白菜,73720,1216382
94,結球白菜,109382,1126632
94,大芥菜,51922,482877
94,甘藍,316115,2845032
94,其他莖菜類,42561,760137
94,茭白筍,45801,1488546
94,蘆筍,4635,213230
94,竹筍,232856,3213410
94,荸薺,19,475
94,蒜頭,55622,1529610
94,蒜,27392,766965
94,韭菜,32316,759416
94,洋蔥,54000,486004
94,蔥頭,8544,213600
94,蔥,91696,4749871
94,馬鈴薯,41729,500754
94,芋,37740,698182
94,薑,36698,789013
94,其他根菜類,15661,135455
94,胡蘿蔔,97934,734506
94,蘿蔔,132390,979684
94,其他特用作物,44768,1784833
94,香花作物,119,17812
94,樹薯,711,3557
94,芝麻,451,67901
94,生食用甘蔗,64754,674735
94,製糖甘蔗,875458,655805
94,菸草,2743,455254
94,茶葉,18803,3760540
94,其他豆類,661,18501
94,落花生,53948,2478388
94,紅豆,4850,371663
94,綠豆,100,8248
94,花豆,23,577
94,大豆,213,5328
94,其他糧食作物,236,8168
94,蜀黍,8325,116553
94,栗,797,17525
94,食用玉米,91653,1201570
94,飼料玉米,41820,627307
94,小麥,196,4321
94,甘藷,213991,2599989
94,稻米,1187596,28139682
110,蜀黍 (高粱),164,20661
